<?xml version="1.0" encoding="UTF-8"?>
<FrxProfileFolderRedirection ExcludeCommonFolders="0">
  <Excludes>
    <Exclude Copy="0">Videos</Exclude>
    <Exclude Copy="0">Saved Games</Exclude>
    <Exclude Copy="0">Contacts</Exclude>
    <Exclude Copy="0">Tracing</Exclude>
    <Exclude Copy="0">Music</Exclude>
    <Exclude Copy="0">Downloads</Exclude>
    <Exclude Copy="0">$Recycle.Bin</Exclude>
    <Exclude Copy="0">AppData\Local\Apps</Exclude>
    <Exclude Copy="0">AppData\Local\Downloaded Installations</Exclude>
    <Exclude Copy="0">AppData\Local\assembly</Exclude>
    <Exclude Copy="0">AppData\Local\CEF</Exclude>
    <Exclude Copy="0">AppData\Local\Deployment</Exclude>
    <Exclude Copy="0">AppData\Local\GroupPolicy</Exclude>
    <Exclude Copy="0">AppData\Local\Microsoft Help</Exclude>
    <Exclude Copy="0">AppData\Local\Sun</Exclude>
    <Exclude Copy="0">AppData\Local\VirtualStore</Exclude>
    <Exclude Copy="0">AppData\Local\CrashDumps</Exclude>
    <Exclude Copy="0">AppData\Local\Package Cache</Exclude>
    <Exclude Copy="0">AppData\Local\D3DSCache</Exclude>
    <Exclude Copy="0">AppData\Local\Microsoft\TokenBroker\Cache</Exclude>
    <Exclude Copy="0">AppData\Local\Microsoft\Notifications</Exclude>
    <Exclude Copy="0">AppData\Local\Microsoft\Internet Explorer\DOMStore</Exclude>
    <Exclude Copy="0">AppData\Local\Microsoft\MSOIdentityCRL\Tracing</Exclude>
    <Exclude Copy="0">AppData\Local\Microsoft\Messenger</Exclude>
    <Exclude Copy="0">AppData\Local\Microsoft\Terminal Server Client</Exclude>
    <Exclude Copy="0">AppData\Local\Microsoft\UEV</Exclude>
    <Exclude Copy="0">AppData\Local\Microsoft\Windows\Application Shortcuts</Exclude>
    <Exclude Copy="0">AppData\Local\Microsoft\Windows\Mail</Exclude>
    <Exclude Copy="0">AppData\Local\Microsoft\Windows\WebCache.old</Exclude>
    <Exclude Copy="0">AppData\Local\Microsoft\Windows\AppCache</Exclude>
    <Exclude Copy="0">AppData\Local\Microsoft\Windows\Explorer</Exclude>
    <Exclude Copy="0">AppData\Local\Microsoft\Windows\GameExplorer</Exclude>
    <Exclude Copy="0">AppData\Local\Microsoft\Windows\DNTException</Exclude>
    <Exclude Copy="0">AppData\Local\Microsoft\Windows\IECompatCache</Exclude>
    <Exclude Copy="0">AppData\Local\Microsoft\Windows\iecompatuaCache</Exclude>
    <Exclude Copy="0">AppData\Local\Microsoft\Windows\Notifications</Exclude>
    <Exclude Copy="0">AppData\Local\Microsoft\Windows\PRICache</Exclude>
    <Exclude Copy="0">AppData\Local\Microsoft\Windows\PrivacIE</Exclude>
    <Exclude Copy="0">AppData\Local\Microsoft\Windows\RoamingTiles</Exclude>
    <Exclude Copy="0">AppData\Local\Microsoft\Windows\SchCache</Exclude>
    <Exclude Copy="0">AppData\Local\Microsoft\Windows\WebCache</Exclude>
    <Exclude Copy="0">AppData\Local\Microsoft\Windows\1031</Exclude>
    <Exclude Copy="0">AppData\Roaming\Google\Chrome\UserData\BrowserMetrics</Exclude>
    <Exclude Copy="0">AppData\Roaming\Google\Chrome\UserData\Default\Code Cache\js</Exclude>
    <Exclude Copy="0">AppData\Roaming\Google\Chrome\UserData\Default\GPUCache</Exclude>
    <Exclude Copy="0">AppData\Roaming\Google\Chrome\UserData\Default\Application Cache</Exclude>
    <Exclude Copy="0">AppData\Roaming\Google\Chrome\UserData\Default\GPUCache</Exclude>
    <Exclude Copy="0">AppData\Roaming\Google\Chrome\UserData\CertificateRevocation</Exclude>
    <Exclude Copy="0">AppData\Roaming\Google\Chrome\UserData\CertificateTransparency</Exclude>
    <Exclude Copy="0">AppData\Roaming\Google\Chrome\UserData\Crashpad</Exclude>
    <Exclude Copy="0">AppData\Roaming\Google\Chrome\UserData\FileTypePolicies</Exclude>
    <Exclude Copy="0">AppData\Roaming\Google\Chrome\UserData\InterventionPolicyDatabase</Exclude>
    <Exclude Copy="0">AppData\Roaming\Google\Chrome\UserData\MEIPreload</Exclude>
    <Exclude Copy="0">AppData\Roaming\Google\Chrome\UserData\PepperFlash</Exclude>
    <Exclude Copy="0">AppData\Roaming\Google\Chrome\UserData\OriginTrials</Exclude>
    <Exclude Copy="0">AppData\Roaming\Google\Chrome\UserData\pnacl</Exclude>
    <Exclude Copy="0">AppData\Roaming\Google\Chrome\UserData\Safe Browsing</Exclude>
    <Exclude Copy="0">AppData\Roaming\Google\Chrome\UserData\ShaderCache</Exclude>
    <Exclude Copy="0">AppData\Roaming\Google\Chrome\UserData\SSLErrorAssistant</Exclude>
    <Exclude Copy="0">AppData\Roaming\Google\Chrome\UserData\Subresource Filter</Exclude>
    <Exclude Copy="0">AppData\Roaming\Google\Chrome\UserData\SwReporter</Exclude>
    <Exclude Copy="0">AppData\Roaming\Google\Chrome\UserData\WidevineCdm</Exclude>
    <Exclude Copy="0">AppData\Roaming\Google\Chrome\UserData\Default\JumpListIcons</Exclude>
    <Exclude Copy="0">AppData\Roaming\Google\Chrome\UserData\Default\JumpListIconsOld</Exclude>
    <Exclude Copy="0">AppData\Local\Google\Chrome\User Data\Default\Cache</Exclude>
    <Exclude Copy="0">AppData\Local\Google\Chrome\User Data\Default\Cached Theme Image</Exclude>
    <Exclude Copy="0">AppData\Local\Google\Chrome\User Data\Default\JumpListIcons</Exclude>
    <Exclude Copy="0">AppData\Local\Google\Chrome\User Data\Default\JumpListIconsOld</Exclude>
    <Exclude Copy="0">AppData\Local\Google\Chrome\User Data\Default\Storage</Exclude>
    <Exclude Copy="0">AppData\Local\Google\Chrome\User Data\Default\Local Storage</Exclude>
    <Exclude Copy="0">AppData\Local\Google\Chrome\User Data\Default\SessionStorage</Exclude>
    <Exclude Copy="0">AppData\Local\Google\Chrome\User Data\Default\Media Cache</Exclude>
    <Exclude Copy="0">AppData\Local\Google\Chrome\User Data\Default\GPUCache</Exclude>
    <Exclude Copy="0">AppData\Local\Google\Chrome\User Data\Default\WebApplications</Exclude>
    <Exclude Copy="0">AppData\Local\Google\Chrome\User Data\Default\SyncData</Exclude>
    <Exclude Copy="0">AppData\Local\Google\Chrome\User Data\Default\SyncDataBackup</Exclude>
    <Exclude Copy="0">AppData\Local\Google\Chrome\User Data\Default\Pepper Data\Shockwave Flash\CacheWriteableAdobeRoot</Exclude>
    <Exclude Copy="0">AppData\Local\Google\Chrome\User Data\WidevineCDM</Exclude>
    <Exclude Copy="0">AppData\Local\Google\Chrome\User Data\EVWhitelist</Exclude>
    <Exclude Copy="0">AppData\Local\Google\Chrome\User Data\pnacl</Exclude>
    <Exclude Copy="0">AppData\Local\Google\Chrome\User Data\recovery</Exclude>
    <Exclude Copy="0">AppData\Local\Google\Chrome\User Data\ShaderCache</Exclude>
    <Exclude Copy="0">AppData\Local\Google\Chrome\User Data\SwReporter</Exclude>
    <Exclude Copy="0">AppData\Local\Google\Chrome\User Data\SwiftShader</Exclude>
    <Exclude Copy="0">AppData\Local\Google\Chrome\User Data\PepperFlash</Exclude>
    <Exclude Copy="0">AppData\Local\Microsoft\Edge\User Data\Default\Cache</Exclude>
    <Exclude Copy="0">AppData\Local\Microsoft\Edge\User Data\Default\Service Worker</Exclude>
    <Exclude Copy="0">AppData\Local\Packages\Microsoft.MicrosoftEdge_8wekyb3d8bbwe\AC\MicrosoftEdge\Cache</Exclude>
    <Exclude Copy="0">AppData\Roaming\Microsoft\Edge\UserData\BrowserMetrics</Exclude>
    <Exclude Copy="0">AppData\Roaming\Microsoft\Edge\UserData\Default\Code Cache\js</Exclude>
    <Exclude Copy="0">AppData\Roaming\Microsoft\Edge\UserData\Default\GPUCache</Exclude>
    <Exclude Copy="0">AppData\Roaming\Microsoft\Edge\UserData\Default\Application Cache</Exclude>
    <Exclude Copy="0">AppData\Roaming\Microsoft\Edge\UserData\CertificateRevocation</Exclude>
    <Exclude Copy="0">AppData\Roaming\Microsoft\Edge\UserData\CertificateTransparency</Exclude>
    <Exclude Copy="0">AppData\Roaming\Microsoft\Edge\UserData\Crashpad</Exclude>
    <Exclude Copy="0">AppData\Roaming\Microsoft\Edge\UserData\FileTypePolicies</Exclude>
    <Exclude Copy="0">AppData\Roaming\Microsoft\Edge\UserData\InterventionPolicyDatabase</Exclude>
    <Exclude Copy="0">AppData\Roaming\Microsoft\Edge\UserData\MEIPreload</Exclude>
    <Exclude Copy="0">AppData\Roaming\Microsoft\Edge\UserData\PepperFlash</Exclude>
    <Exclude Copy="0">AppData\Roaming\Microsoft\Edge\UserData\OriginTrials</Exclude>
    <Exclude Copy="0">AppData\Roaming\Microsoft\Edge\UserData\pnacl</Exclude>
    <Exclude Copy="0">AppData\Roaming\Microsoft\Edge\UserData\Safe Browsing</Exclude>
    <Exclude Copy="0">AppData\Roaming\Microsoft\Edge\UserData\ShaderCache</Exclude>
    <Exclude Copy="0">AppData\Roaming\Microsoft\Edge\UserData\SSLErrorAssistant</Exclude>
    <Exclude Copy="0">AppData\Roaming\Microsoft\Edge\UserData\Subresource Filter</Exclude>
    <Exclude Copy="0">AppData\Roaming\Microsoft\Edge\UserData\SwReporter</Exclude>
    <Exclude Copy="0">AppData\Roaming\Microsoft\Edge\UserData\WidevineCdm</Exclude>
    <Exclude Copy="0">AppData\Roaming\Microsoft\Edge\UserData\Default\JumpListIcons</Exclude>
    <Exclude Copy="0">AppData\Roaming\Microsoft\Edge\UserData\Default\JumpListIconsOld</Exclude>
    <Exclude Copy="0">AppData\Roaming\com.adobe.formscentral.FormsCentralForAcrobat</Exclude>
    <Exclude Copy="0">AppData\Roaming\Adobe\Acrobat\DC</Exclude>
    <Exclude Copy="0">AppData\Roaming\Adobe\SLData</Exclude>
    <Exclude Copy="0">AppData\Roaming\Sun\Java\Deployment\cache</Exclude>
    <Exclude Copy="0">AppData\Roaming\Sun\Java\Deployment\log</Exclude>
    <Exclude Copy="0">AppData\Roaming\Sun\Java\Deployment\tmp</Exclude>
    <Exclude Copy="0">AppData\Roaming\Citrix\PNAgent\AppCache</Exclude>
    <Exclude Copy="0">AppData\Roaming\Citrix\PNAgent\IconCache</Exclude>
    <Exclude Copy="0">AppData\Roaming\Citrix\PNAgent\ResourceCache</Exclude>
    <Exclude Copy="0">AppData\Roaming\ICAClient\Cache</Exclude>
    <Exclude Copy="0">AppData\Local\Microsoft\Office\16.0\Lync\Tracing</Exclude>
    <Exclude Copy="0">AppData\Local\Microsoft\MSOIdentityCRL\Tracing</Exclude>
    <Exclude Copy="0">AppData\Local\Microsoft\OneNote\16.0\Backup</Exclude>
    <Exclude Copy="0">AppData\Local\SquirrelTemp</Exclude>
    <Exclude Copy="0">AppData\Local\Microsoft\Teams\Current\Locales</Exclude>
    <Exclude Copy="0">AppData\Local\Microsoft\Teams\Packages\SquirrelTemp</Exclude>
    <Exclude Copy="0">AppData\Local\Microsoft\Teams\current\resources\locales</Exclude>
    <Exclude Copy="0">AppData\Local\Microsoft\Teams\Current\Locales</Exclude>
    <Exclude Copy="0">AppData\Roaming\Microsoft\Teams\Service Worker\CacheStorage</Exclude>
    <Exclude Copy="0">AppData\Roaming\Microsoft\Teams\Application Cache</Exclude>
    <Exclude Copy="0">AppData\Roaming\Microsoft\Teams\Cache</Exclude>
    <Exclude Copy="0">AppData\Roaming\Microsoft\Teams\Logs</Exclude>
    <Exclude Copy="0">AppData\Roaming\Microsoft\Teams\meeting-addin\Cache</Exclude>
    <Exclude Copy="0">AppData\Roaming\Microsoft\Teams\GPUCache</Exclude>
    <Exclude Copy="0">AppData\Roaming\Microsoft\Teams\media-stack</Exclude>
    <Exclude Copy="0">AppData\Roaming\Macromedia\FlashPlayer\macromedia.com\support\flashplayer\sys</Exclude>
    <Exclude Copy="0">AppData\Roaming\Macromedia\FlashPlayer\macromedia.com\support\flashplayer\flashplayer\#SharedObjects</Exclude>
    <Exclude Copy="0">AppData\Roaming\ConnectWise\CrashDumps</Exclude>
    <Exclude Copy="0">AppData\Roaming\ConnectWise\cache</Exclude>
    <Exclude Copy="0">AppData\LocalLow</Exclude>
  </Excludes>
  <Includes>
    <Include Copy="3">AppData\LocalLow\Sun\Java\Deployment\security</Include>
  </Includes>
</FrxProfileFolderRedirection>